{
  "hash": "50fe8294",
  "configHash": "95b04556",
  "lockfileHash": "1bc24a73",
  "browserHash": "22cce4e4",
  "optimized": {
    "@angular/common/http": {
      "src": "../../../../../node_modules/@angular/common/fesm2022/http.mjs",
      "file": "@angular_common_http.js",
      "fileHash": "383c7bd2",
      "needsInterop": false
    },
    "@angular/core": {
      "src": "../../../../../node_modules/@angular/core/fesm2022/core.mjs",
      "file": "@angular_core.js",
      "fileHash": "5623b623",
      "needsInterop": false
    },
    "@angular/forms": {
      "src": "../../../../../node_modules/@angular/forms/fesm2022/forms.mjs",
      "file": "@angular_forms.js",
      "fileHash": "7bee3e51",
      "needsInterop": false
    },
    "@angular/platform-browser": {
      "src": "../../../../../node_modules/@angular/platform-browser/fesm2022/platform-browser.mjs",
      "file": "@angular_platform-browser.js",
      "fileHash": "5d0cef78",
      "needsInterop": false
    },
    "@angular/router": {
      "src": "../../../../../node_modules/@angular/router/fesm2022/router.mjs",
      "file": "@angular_router.js",
      "fileHash": "cdbbe1a3",
      "needsInterop": false
    },
    "@angular/service-worker": {
      "src": "../../../../../node_modules/@angular/service-worker/fesm2022/service-worker.mjs",
      "file": "@angular_service-worker.js",
      "fileHash": "6ff65ab4",
      "needsInterop": false
    },
    "rxjs": {
      "src": "../../../../../node_modules/rxjs/dist/esm5/index.js",
      "file": "rxjs.js",
      "fileHash": "ac0d5637",
      "needsInterop": false
    }
  },
  "chunks": {
    "chunk-K65LKSMZ": {
      "file": "chunk-K65LKSMZ.js"
    },
    "chunk-55KJXJNS": {
      "file": "chunk-55KJXJNS.js"
    },
    "chunk-R5U27QCH": {
      "file": "chunk-R5U27QCH.js"
    },
    "chunk-52CZFGXD": {
      "file": "chunk-52CZFGXD.js"
    },
    "chunk-YTR4LZ5T": {
      "file": "chunk-YTR4LZ5T.js"
    }
  }
}